{"cameraMode":{"drawMode":0,"name":"Shaded","section":"Shading Mode"},"sceneLighting":false,"audioPlay":false,"sceneViewState":{"m_AlwaysRefresh":false,"showFog":true,"showSkybox":false,"showFlares":true,"showImageEffects":true,"showParticleSystems":true,"showVisualEffectGraphs":true,"m_FxEnabled":true},"in2DMode":false,"pivot":{"x":-0.6354660987854004,"y":-0.31853583455085757,"z":-0.7068644762039185},"rotation":{"x":0.03640782833099365,"y":0.9634183645248413,"z":-0.17861875891685487,"w":0.19660529494285584},"size":0.4573260247707367,"orthographic":false}