{"cameraMode":{"drawMode":0,"name":"Shaded","section":"Shading Mode"},"sceneLighting":false,"audioPlay":false,"sceneViewState":{"m_AlwaysRefresh":false,"showFog":true,"showSkybox":false,"showFlares":true,"showImageEffects":true,"showParticleSystems":true,"showVisualEffectGraphs":true,"m_FxEnabled":true},"in2DMode":false,"pivot":{"x":0.6409350633621216,"y":-0.24493515491485597,"z":-2.311079740524292},"rotation":{"x":0.02419992722570896,"y":0.9656481146812439,"z":-0.09769059717655182,"w":0.23969466984272004},"size":2.0097262859344484,"orthographic":false}