{"cameraMode":{"drawMode":0,"name":"Shaded","section":"Shading Mode"},"sceneLighting":false,"audioPlay":false,"sceneViewState":{"m_AlwaysRefresh":false,"showFog":true,"showSkybox":false,"showFlares":true,"showImageEffects":true,"showParticleSystems":true,"showVisualEffectGraphs":true,"m_FxEnabled":true},"in2DMode":false,"pivot":{"x":1.5600898265838624,"y":-0.2740204930305481,"z":0.22428631782531739},"rotation":{"x":0.07248202711343765,"y":0.7373027801513672,"z":-0.08020305633544922,"w":0.6669017672538757},"size":1.7024465799331666,"orthographic":false}