{"cameraMode":{"drawMode":0,"name":"Shaded","section":"Shading Mode"},"sceneLighting":false,"audioPlay":false,"sceneViewState":{"m_AlwaysRefresh":false,"showFog":true,"showSkybox":false,"showFlares":true,"showImageEffects":true,"showParticleSystems":true,"showVisualEffectGraphs":true,"m_FxEnabled":true},"in2DMode":false,"pivot":{"x":-0.06882816553115845,"y":0.06637382507324219,"z":-0.06685991585254669},"rotation":{"x":-0.020243236795067788,"y":0.7610705494880676,"z":0.02372146211564541,"w":0.6479638814926148},"size":0.43674635887145998,"orthographic":false}