{"cameraMode":{"drawMode":0,"name":"Shaded","section":"Shading Mode"},"sceneLighting":false,"audioPlay":false,"sceneViewState":{"m_AlwaysRefresh":false,"showFog":true,"showSkybox":false,"showFlares":true,"showImageEffects":true,"showParticleSystems":true,"showVisualEffectGraphs":true,"m_FxEnabled":true},"in2DMode":false,"pivot":{"x":-0.2573774755001068,"y":-0.29662007093429568,"z":3.0995242595672609},"rotation":{"x":-0.07223645597696305,"y":-0.01704239286482334,"z":0.001233819406479597,"w":-0.9972452521324158},"size":1.9212449789047242,"orthographic":false}