{"cameraMode":{"drawMode":0,"name":"Shaded","section":"Shading Mode"},"sceneLighting":false,"audioPlay":false,"sceneViewState":{"m_AlwaysRefresh":false,"showFog":false,"showSkybox":false,"showFlares":false,"showImageEffects":false,"showParticleSystems":false,"showVisualEffectGraphs":true,"m_FxEnabled":true},"in2DMode":false,"pivot":{"x":0.10458728671073914,"y":0.35588884353637698,"z":-0.6285998225212097},"rotation":{"x":0.0026456089690327646,"y":0.9962723255157471,"z":-0.07968100905418396,"w":0.03318946436047554},"size":0.777009904384613,"orthographic":false}