{"cameraMode":{"drawMode":0,"name":"Shaded","section":"Shading Mode"},"sceneLighting":false,"audioPlay":false,"sceneViewState":{"m_AlwaysRefresh":false,"showFog":true,"showSkybox":true,"showFlares":true,"showImageEffects":true,"showParticleSystems":true,"showVisualEffectGraphs":true,"m_FxEnabled":true},"in2DMode":false,"pivot":{"x":10.06986141204834,"y":2.6727306842803957,"z":-3.6276893615722658},"rotation":{"x":0.014668970368802548,"y":0.9811315536499023,"z":-0.17429116368293763,"w":0.08259429782629013},"size":3.0015556812286379,"orthographic":false}