{"cameraMode":{"drawMode":0,"name":"Shaded","section":"Shading Mode"},"sceneLighting":false,"audioPlay":false,"sceneViewState":{"m_AlwaysRefresh":false,"showFog":true,"showSkybox":true,"showFlares":true,"showImageEffects":true,"showParticleSystems":true,"showVisualEffectGraphs":true,"m_FxEnabled":true},"in2DMode":false,"pivot":{"x":0.6893131732940674,"y":1.1663730144500733,"z":0.15861794352531434},"rotation":{"x":0.03953419253230095,"y":0.7791662812232971,"z":-0.0493946447968483,"w":0.6236440539360046},"size":0.8642717003822327,"orthographic":false}