{"cameraMode":{"drawMode":0,"name":"Shaded","section":"Shading Mode"},"sceneLighting":true,"audioPlay":false,"sceneViewState":{"m_AlwaysRefresh":false,"showFog":true,"showSkybox":true,"showFlares":true,"showImageEffects":true,"showParticleSystems":true,"showVisualEffectGraphs":true,"m_FxEnabled":true},"in2DMode":false,"pivot":{"x":-16.919170379638673,"y":5.598606109619141,"z":-66.91946411132813},"rotation":{"x":-0.007387756370007992,"y":0.9883232712745667,"z":-0.1436229795217514,"w":-0.051017824560403827},"size":118.2579574584961,"orthographic":false}