{"cameraMode":{"drawMode":0,"name":"Shaded","section":"Shading Mode"},"sceneLighting":false,"audioPlay":false,"sceneViewState":{"m_AlwaysRefresh":false,"showFog":true,"showSkybox":false,"showFlares":true,"showImageEffects":true,"showParticleSystems":true,"showVisualEffectGraphs":true,"m_FxEnabled":true},"in2DMode":false,"pivot":{"x":0.2139943242073059,"y":-0.15802541375160218,"z":0.4075796604156494},"rotation":{"x":-0.1675819605588913,"y":-0.4331364631652832,"z":0.08231700211763382,"w":-0.8817812204360962},"size":0.6347241401672363,"orthographic":false}