{"cameraMode":{"drawMode":0,"name":"Shaded","section":"Shading Mode"},"sceneLighting":false,"audioPlay":false,"sceneViewState":{"m_AlwaysRefresh":false,"showFog":true,"showSkybox":false,"showFlares":true,"showImageEffects":true,"showParticleSystems":true,"showVisualEffectGraphs":true,"m_FxEnabled":true},"in2DMode":false,"pivot":{"x":-0.22197405993938447,"y":-0.08926244080066681,"z":-1.074793815612793},"rotation":{"x":-0.004506366327404976,"y":0.9932788610458374,"z":-0.10800440609455109,"w":-0.04144298657774925},"size":0.968500554561615,"orthographic":false}