{"cameraMode":{"drawMode":0,"name":"Shaded","section":"Shading Mode"},"sceneLighting":false,"audioPlay":false,"sceneViewState":{"m_AlwaysRefresh":false,"showFog":true,"showSkybox":false,"showFlares":true,"showImageEffects":true,"showParticleSystems":true,"showVisualEffectGraphs":true,"m_FxEnabled":true},"in2DMode":false,"pivot":{"x":-0.4201413094997406,"y":0.16076348721981049,"z":0.3393557667732239},"rotation":{"x":0.10199876129627228,"y":0.05070680379867554,"z":-0.0052061788737773899,"w":0.9934796690940857},"size":0.5014594197273254,"orthographic":false}