{"cameraMode":{"drawMode":0,"name":"Shaded","section":"Shading Mode"},"sceneLighting":false,"audioPlay":false,"sceneViewState":{"m_AlwaysRefresh":false,"showFog":true,"showSkybox":false,"showFlares":true,"showImageEffects":true,"showParticleSystems":true,"showVisualEffectGraphs":true,"m_FxEnabled":true},"in2DMode":false,"pivot":{"x":-0.4114038348197937,"y":-0.5854688882827759,"z":-1.6180154085159302},"rotation":{"x":-0.011783531866967678,"y":0.9855637550354004,"z":-0.07733721286058426,"w":-0.15016230940818788},"size":1.5473453998565674,"orthographic":false}