{"cameraMode":{"drawMode":0,"name":"Shaded","section":"Shading Mode"},"sceneLighting":false,"audioPlay":false,"sceneViewState":{"m_AlwaysRefresh":false,"showFog":true,"showSkybox":false,"showFlares":true,"showImageEffects":true,"showParticleSystems":true,"showVisualEffectGraphs":true,"m_FxEnabled":true},"in2DMode":false,"pivot":{"x":0.4999999701976776,"y":0.24899999797344209,"z":0.4999999701976776},"rotation":{"x":0.20951545238494874,"y":0.5441261529922485,"z":0.14254549145698548,"w":-0.7998776435852051},"size":0.7779178023338318,"orthographic":false}