{"cameraMode":{"drawMode":0,"name":"Shaded","section":"Shading Mode"},"sceneLighting":false,"audioPlay":false,"sceneViewState":{"m_AlwaysRefresh":false,"showFog":true,"showSkybox":false,"showFlares":true,"showImageEffects":true,"showParticleSystems":true,"showVisualEffectGraphs":true,"m_FxEnabled":true},"in2DMode":false,"pivot":{"x":1.2407543659210206,"y":-0.0056424736976623539,"z":-1.7922577857971192},"rotation":{"x":-0.03305310755968094,"y":-0.950974702835083,"z":0.10978511720895767,"w":-0.28739115595817568},"size":1.6697537899017335,"orthographic":false}